source,target,type,weight
sb_brands,nextpage_agency,undirected,0.25307844274798086
sb_brands,jegorwalowski,undirected,0.23364779765749208
sb_brands,alexseagull,undirected,0.25307844274798086
sb_brands,lukaszdrozdz,undirected,0.8812585489978125
sb_brands,pellisco,undirected,0.45112492197439336
sb_brands,maxschewts,undirected,0.299481746035803
sb_brands,pixelsurplus,undirected,0.8766739112210151
sb_brands,kate-silva,undirected,0.29020760752299923
sb_brands,daryamalikova,undirected,0.2783080041424767
sb_brands,graphicassets,undirected,0.6065338997230684
sb_brands,anagrama,undirected,0.8993626933992754
sb_brands,kurbonzodski,undirected,0.9578100556937833
sb_brands,musawi,undirected,0.6526970553399111
sb_brands,microsoftdesign,undirected,0.31026632651669717
sb_brands,sawdust,undirected,0.37767246107075986
sb_brands,almefer,undirected,0.2922865396515008
sb_brands,anamiminoshvili,undirected,0.2829088493737721
sb_brands,abrate_emanuele,undirected,0.9437438448390232
sb_brands,sanjogkarulkar,undirected,0.24112409327664808
sb_brands,netguru,undirected,0.3282948745168726
sb_brands,avitko,undirected,0.7753910335649442
sb_brands,ntnay,undirected,0.729693915273781
sb_brands,drfranken,undirected,0.2289040785347543
sb_brands,cuberto,undirected,0.38981134566049724
sb_brands,morphine-mg,undirected,0.45262208665857956
sb_brands,markanetwork,undirected,0.6911093994817981
sb_brands,mustafa-akulker,undirected,0.7151284386104787
sb_brands,nx-design,undirected,0.5986396404707092
sb_brands,oh-ja,undirected,0.5947591864537164
sb_brands,lenalaballena,undirected,0.2517236332999484
sb_brands,patrykpolak,undirected,0.22298824387414992
sb_brands,vdas,undirected,0.24550197655459918
sb_brands,marinm,undirected,0.22494947991091643
sb_brands,skyrill,undirected,0.6301582717967068
sb_brands,angelalejandro,undirected,0.9346215787129829
nextpage_agency,sb_brands,undirected,0.25307844274798086
nextpage_agency,jegorwalowski,undirected,0.9970014925003392
nextpage_agency,alexseagull,undirected,0.9999999999999998
nextpage_agency,lukaszdrozdz,undirected,0.5400399326315289
nextpage_agency,pellisco,undirected,0.2746280892345779
nextpage_agency,maxschewts,undirected,0.9914676040870511
nextpage_agency,uprockpro,undirected,0.947736035409845
nextpage_agency,kate-silva,undirected,0.9879559870140519
nextpage_agency,anagrama,undirected,0.3324827275668256
nextpage_agency,alice_kau,undirected,0.9539147048889123
nextpage_agency,microsoftdesign,undirected,0.30343344622408575
nextpage_agency,k_pashukov,undirected,0.9260370291460208
nextpage_agency,netguru,undirected,0.903553219391562
nextpage_agency,cuberto,undirected,0.820763482746874
nextpage_agency,patrykpolak,undirected,0.9562244230600405
endalaust,pellisco,undirected,0.29409196422649625
endalaust,daryamalikova,undirected,0.640568646655057
endalaust,graphicassets,undirected,0.3730904295902041
endalaust,musawi,undirected,0.382584316340934
endalaust,sawdust,undirected,0.43452873930122543
endalaust,d_0307094527,undirected,0.35619711803250353
endalaust,anamiminoshvili,undirected,0.6647284122927655
endalaust,sanjogkarulkar,undirected,0.36298447690375496
endalaust,mz09,undirected,0.7451385684137222
endalaust,ntnay,undirected,0.42756587131016605
endalaust,drfranken,undirected,0.33884551163812965
endalaust,cuberto,undirected,0.21230869732165597
endalaust,morphine-mg,undirected,0.2869510617245607
endalaust,oh-ja,undirected,0.41569416160420153
endalaust,lenalaballena,undirected,0.6410416220943825
endalaust,thisset,undirected,0.24527588634675784
endalaust,the18thltrfotography,undirected,0.5116235835128634
jegorwalowski,sb_brands,undirected,0.23364779765749208
jegorwalowski,nextpage_agency,undirected,0.9970014925003392
jegorwalowski,alexseagull,undirected,0.9970014925003392
jegorwalowski,lukaszdrozdz,undirected,0.5324312054697824
jegorwalowski,pellisco,undirected,0.23553316484294093
jegorwalowski,maxschewts,undirected,0.9913222686899367
jegorwalowski,uprockpro,undirected,0.9505863757867168
jegorwalowski,kate-silva,undirected,0.9848665725549399
jegorwalowski,anagrama,undirected,0.3334826778774481
jegorwalowski,alice_kau,undirected,0.9567836277723402
jegorwalowski,microsoftdesign,undirected,0.2798019953940751
jegorwalowski,k_pashukov,undirected,0.9374757313417893
jegorwalowski,netguru,undirected,0.9102109861179344
jegorwalowski,cuberto,undirected,0.8186584390897739
jegorwalowski,patrykpolak,undirected,0.9591002924799684
alexseagull,sb_brands,undirected,0.25307844274798086
alexseagull,nextpage_agency,undirected,0.9999999999999998
alexseagull,jegorwalowski,undirected,0.9970014925003392
alexseagull,lukaszdrozdz,undirected,0.5400399326315289
alexseagull,pellisco,undirected,0.2746280892345779
alexseagull,maxschewts,undirected,0.9914676040870511
alexseagull,uprockpro,undirected,0.947736035409845
alexseagull,kate-silva,undirected,0.9879559870140519
alexseagull,anagrama,undirected,0.3324827275668256
alexseagull,alice_kau,undirected,0.9539147048889123
alexseagull,microsoftdesign,undirected,0.30343344622408575
alexseagull,k_pashukov,undirected,0.9260370291460208
alexseagull,netguru,undirected,0.903553219391562
alexseagull,cuberto,undirected,0.820763482746874
alexseagull,patrykpolak,undirected,0.9562244230600405
lukaszdrozdz,sb_brands,undirected,0.8812585489978125
lukaszdrozdz,nextpage_agency,undirected,0.5400399326315289
lukaszdrozdz,jegorwalowski,undirected,0.5324312054697824
lukaszdrozdz,alexseagull,undirected,0.5400399326315289
lukaszdrozdz,pellisco,undirected,0.2773731704365331
lukaszdrozdz,maxschewts,undirected,0.5655673737941542
lukaszdrozdz,uprockpro,undirected,0.4532667357667233
lukaszdrozdz,pixelsurplus,undirected,0.788187997896049
lukaszdrozdz,kate-silva,undirected,0.5604386690478043
lukaszdrozdz,daryamalikova,undirected,0.21488966028824447
lukaszdrozdz,graphicassets,undirected,0.35607981735081484
lukaszdrozdz,anagrama,undirected,0.775487317654863
lukaszdrozdz,kurbonzodski,undirected,0.7910318039776896
lukaszdrozdz,musawi,undirected,0.5353496307060158
lukaszdrozdz,alice_kau,undirected,0.4846548468769494
lukaszdrozdz,microsoftdesign,undirected,0.2507849312877596
lukaszdrozdz,sawdust,undirected,0.26726576039120126
lukaszdrozdz,anamiminoshvili,undirected,0.22434594667660768
lukaszdrozdz,abrate_emanuele,undirected,0.7054467678906805
lukaszdrozdz,k_pashukov,undirected,0.4686291280623819
lukaszdrozdz,netguru,undirected,0.5636553204184372
lukaszdrozdz,avitko,undirected,0.6624371675098496
lukaszdrozdz,ntnay,undirected,0.5900153243601937
lukaszdrozdz,cuberto,undirected,0.5560990528079439
lukaszdrozdz,morphine-mg,undirected,0.2630547564826129
lukaszdrozdz,markanetwork,undirected,0.5904982895902279
lukaszdrozdz,mustafa-akulker,undirected,0.6109964262665477
lukaszdrozdz,nx-design,undirected,0.5322613738518164
lukaszdrozdz,oh-ja,undirected,0.3885143449429057
lukaszdrozdz,patrykpolak,undirected,0.5154835307167938
lukaszdrozdz,marinm,undirected,0.22000733370002037
lukaszdrozdz,skyrill,undirected,0.5963382933631339
lukaszdrozdz,angelalejandro,undirected,0.6993258208972303
pellisco,sb_brands,undirected,0.45112492197439336
pellisco,nextpage_agency,undirected,0.2746280892345779
pellisco,endalaust,undirected,0.29409196422649625
pellisco,jegorwalowski,undirected,0.23553316484294093
pellisco,alexseagull,undirected,0.2746280892345779
pellisco,lukaszdrozdz,undirected,0.2773731704365331
pellisco,maxschewts,undirected,0.26111648393354675
pellisco,pixelsurplus,undirected,0.3181681451338385
pellisco,kate-silva,undirected,0.2530304136737369
pellisco,daryamalikova,undirected,0.34969109940390475
pellisco,graphicassets,undirected,0.8595001353361857
pellisco,anagrama,undirected,0.386105296903335
pellisco,kurbonzodski,undirected,0.5047150636101224
pellisco,musawi,undirected,0.5081097906755769
pellisco,microsoftdesign,undirected,0.5009620374469137
pellisco,sawdust,undirected,0.4320138246635874
pellisco,almefer,undirected,0.6236238000110331
pellisco,d_0307094527,undirected,0.658397437161047
pellisco,zeligsound,undirected,0.2811680978849934
pellisco,anamiminoshvili,undirected,0.24867724867724866
pellisco,abrate_emanuele,undirected,0.5709313676271967
pellisco,sanjogkarulkar,undirected,0.8163878466473798
pellisco,netguru,undirected,0.30289787499247617
pellisco,ntnay,undirected,0.24907029459254018
pellisco,drfranken,undirected,0.5355326729383475
pellisco,cuberto,undirected,0.33338844341609947
pellisco,morphine-mg,undirected,0.6264106396359443
pellisco,markanetwork,undirected,0.31882247445749295
pellisco,mustafa-akulker,undirected,0.25515930023438105
pellisco,oh-ja,undirected,0.529150262212918
pellisco,lenalaballena,undirected,0.21773457205625582
pellisco,skyrill,undirected,0.3109274327154149
pellisco,angelalejandro,undirected,0.5543478937468665
maxschewts,sb_brands,undirected,0.299481746035803
maxschewts,nextpage_agency,undirected,0.9914676040870511
maxschewts,jegorwalowski,undirected,0.9913222686899367
maxschewts,alexseagull,undirected,0.9914676040870511
maxschewts,lukaszdrozdz,undirected,0.5655673737941542
maxschewts,pellisco,undirected,0.26111648393354675
maxschewts,uprockpro,undirected,0.954029957691665
maxschewts,pixelsurplus,undirected,0.23594421049389794
maxschewts,kate-silva,undirected,0.9973485993864587
maxschewts,anagrama,undirected,0.40592694752616043
maxschewts,alice_kau,undirected,0.9652211584402121
maxschewts,microsoftdesign,undirected,0.28540242720507025
maxschewts,k_pashukov,undirected,0.9343830476317054
maxschewts,netguru,undirected,0.9122810207742504
maxschewts,cuberto,undirected,0.8404592513898299
maxschewts,patrykpolak,undirected,0.9727434351449232
uprockpro,nextpage_agency,undirected,0.947736035409845
uprockpro,jegorwalowski,undirected,0.9505863757867168
uprockpro,alexseagull,undirected,0.947736035409845
uprockpro,lukaszdrozdz,undirected,0.4532667357667233
uprockpro,maxschewts,undirected,0.954029957691665
uprockpro,kate-silva,undirected,0.9563650695950074
uprockpro,anagrama,undirected,0.28226724349092913
uprockpro,alice_kau,undirected,0.9979654098963519
uprockpro,microsoftdesign,undirected,0.20655911179772887
uprockpro,k_pashukov,undirected,0.9710354064550473
uprockpro,netguru,undirected,0.8290266722896782
uprockpro,cuberto,undirected,0.769800358919501
uprockpro,patrykpolak,undirected,0.9914601339836673
pixelsurplus,sb_brands,undirected,0.8766739112210151
pixelsurplus,lukaszdrozdz,undirected,0.788187997896049
pixelsurplus,pellisco,undirected,0.3181681451338385
pixelsurplus,maxschewts,undirected,0.23594421049389794
pixelsurplus,kate-silva,undirected,0.2318579060573397
pixelsurplus,graphicassets,undirected,0.4862575529813652
pixelsurplus,anagrama,undirected,0.8676189073792772
pixelsurplus,kurbonzodski,undirected,0.8182385455078787
pixelsurplus,musawi,undirected,0.6337242505244779
pixelsurplus,sawdust,undirected,0.6115132902340192
pixelsurplus,anamiminoshvili,undirected,0.250292274171953
pixelsurplus,abrate_emanuele,undirected,0.7963830389411525
pixelsurplus,netguru,undirected,0.26379467179224714
pixelsurplus,avitko,undirected,0.7855844048495725
pixelsurplus,ntnay,undirected,0.7516000966392659
pixelsurplus,cuberto,undirected,0.3256266126318907
pixelsurplus,morphine-mg,undirected,0.2776643759450143
pixelsurplus,markanetwork,undirected,0.5798361083413511
pixelsurplus,mustafa-akulker,undirected,0.6447450829526515
pixelsurplus,nx-design,undirected,0.6033806010988715
pixelsurplus,oh-ja,undirected,0.6599663291074442
pixelsurplus,lenalaballena,undirected,0.34915207281015115
pixelsurplus,patrykpolak,undirected,0.21208785398802577
pixelsurplus,vdas,undirected,0.2633372865535445
pixelsurplus,marinm,undirected,0.2253442462682775
pixelsurplus,skyrill,undirected,0.5776383601577223
pixelsurplus,angelalejandro,undirected,0.8249579113843053
kate-silva,sb_brands,undirected,0.29020760752299923
kate-silva,nextpage_agency,undirected,0.9879559870140519
kate-silva,jegorwalowski,undirected,0.9848665725549399
kate-silva,alexseagull,undirected,0.9879559870140519
kate-silva,lukaszdrozdz,undirected,0.5604386690478043
kate-silva,pellisco,undirected,0.2530304136737369
kate-silva,maxschewts,undirected,0.9973485993864587
kate-silva,uprockpro,undirected,0.9563650695950074
kate-silva,pixelsurplus,undirected,0.2318579060573397
kate-silva,anagrama,undirected,0.38178718092276775
kate-silva,alice_kau,undirected,0.9680538195273479
kate-silva,microsoftdesign,undirected,0.281502935045133
kate-silva,k_pashukov,undirected,0.9199581158479075
kate-silva,netguru,undirected,0.9078157130557987
kate-silva,cuberto,undirected,0.8420403863207049
kate-silva,patrykpolak,undirected,0.9760860118037877
daryamalikova,sb_brands,undirected,0.2783080041424767
daryamalikova,endalaust,undirected,0.640568646655057
daryamalikova,lukaszdrozdz,undirected,0.21488966028824447
daryamalikova,pellisco,undirected,0.34969109940390475
daryamalikova,graphicassets,undirected,0.3693181921677658
daryamalikova,anagrama,undirected,0.37956316729041695
daryamalikova,kurbonzodski,undirected,0.3825028388987925
daryamalikova,musawi,undirected,0.6164774526641126
daryamalikova,microsoftdesign,undirected,0.29912493736788276
daryamalikova,sawdust,undirected,0.38315207432248893
daryamalikova,almefer,undirected,0.34306560868002384
daryamalikova,d_0307094527,undirected,0.48128222780370467
daryamalikova,anamiminoshvili,undirected,0.7500620682866362
daryamalikova,abrate_emanuele,undirected,0.31088977087130876
daryamalikova,sanjogkarulkar,undirected,0.2283143701548568
daryamalikova,netguru,undirected,0.33515085183262733
daryamalikova,mz09,undirected,0.8446653775186828
daryamalikova,ntnay,undirected,0.6636635528315273
daryamalikova,drfranken,undirected,0.3142781387757838
daryamalikova,cuberto,undirected,0.33675429024094855
daryamalikova,morphine-mg,undirected,0.5268355364505717
daryamalikova,markanetwork,undirected,0.33145332061211713
daryamalikova,mustafa-akulker,undirected,0.3073568178559405
daryamalikova,nx-design,undirected,0.25791078745365537
daryamalikova,oh-ja,undirected,0.5631625906963907
daryamalikova,lenalaballena,undirected,0.755439648571775
daryamalikova,skyrill,undirected,0.2251822581553161
daryamalikova,angelalejandro,undirected,0.366055683952654
graphicassets,sb_brands,undirected,0.6065338997230684
graphicassets,endalaust,undirected,0.3730904295902041
graphicassets,lukaszdrozdz,undirected,0.35607981735081484
graphicassets,pellisco,undirected,0.8595001353361857
graphicassets,pixelsurplus,undirected,0.4862575529813652
graphicassets,daryamalikova,undirected,0.3693181921677658
graphicassets,anagrama,undirected,0.5977476064952424
graphicassets,kurbonzodski,undirected,0.618893881842773
graphicassets,musawi,undirected,0.6085515578245676
graphicassets,microsoftdesign,undirected,0.35558265479385226
graphicassets,sawdust,undirected,0.3846185367741879
graphicassets,almefer,undirected,0.4701888010085713
graphicassets,d_0307094527,undirected,0.5622566936172344
graphicassets,zeligsound,undirected,0.22551331056809817
graphicassets,anamiminoshvili,undirected,0.31327575026272186
graphicassets,abrate_emanuele,undirected,0.7124202746138069
graphicassets,sanjogkarulkar,undirected,0.7599398620140183
graphicassets,netguru,undirected,0.21010582005221543
graphicassets,avitko,undirected,0.36302302170208745
graphicassets,ntnay,undirected,0.47782407244189123
graphicassets,drfranken,undirected,0.4093809652610509
graphicassets,cuberto,undirected,0.2806801287735683
graphicassets,morphine-mg,undirected,0.6224061431109955
graphicassets,markanetwork,undirected,0.3836828684656209
graphicassets,mustafa-akulker,undirected,0.37563964096585706
graphicassets,nx-design,undirected,0.3039692012755644
graphicassets,oh-ja,undirected,0.7077101515003054
graphicassets,lenalaballena,undirected,0.32321501718568185
graphicassets,skyrill,undirected,0.2820754206733337
graphicassets,angelalejandro,undirected,0.733213220022839
anagrama,sb_brands,undirected,0.8993626933992754
anagrama,nextpage_agency,undirected,0.3324827275668256
anagrama,jegorwalowski,undirected,0.3334826778774481
anagrama,alexseagull,undirected,0.3324827275668256
anagrama,lukaszdrozdz,undirected,0.775487317654863
anagrama,pellisco,undirected,0.386105296903335
anagrama,maxschewts,undirected,0.40592694752616043
anagrama,uprockpro,undirected,0.28226724349092913
anagrama,pixelsurplus,undirected,0.8676189073792772
anagrama,kate-silva,undirected,0.38178718092276775
anagrama,daryamalikova,undirected,0.37956316729041695
anagrama,graphicassets,undirected,0.5977476064952424
anagrama,kurbonzodski,undirected,0.8361005294174353
anagrama,musawi,undirected,0.6776088015384846
anagrama,alice_kau,undirected,0.31733572619103595
anagrama,microsoftdesign,undirected,0.28111277139949087
anagrama,sawdust,undirected,0.476265963819254
anagrama,almefer,undirected,0.21443259782043625
anagrama,anamiminoshvili,undirected,0.40134629546530876
anagrama,abrate_emanuele,undirected,0.8335621660530376
anagrama,k_pashukov,undirected,0.38177028617765163
anagrama,netguru,undirected,0.41619829513106193
anagrama,avitko,undirected,0.7242537911581607
anagrama,ntnay,undirected,0.8305132847389092
anagrama,cuberto,undirected,0.4772607021092118
anagrama,morphine-mg,undirected,0.479219036291487
anagrama,markanetwork,undirected,0.5973227143572459
anagrama,mustafa-akulker,undirected,0.6533322646950003
anagrama,nx-design,undirected,0.5767410087437658
anagrama,oh-ja,undirected,0.7419596114618708
anagrama,lenalaballena,undirected,0.49711014648028445
anagrama,patrykpolak,undirected,0.3527605702319963
anagrama,vdas,undirected,0.33167362117449245
anagrama,skyrill,undirected,0.5024331043932555
anagrama,angelalejandro,undirected,0.8669636764364251
mossawi,microsoftdesign,undirected,0.36797412772868415
mossawi,nx-design,undirected,0.512519169436164
mossawi,marinm,undirected,0.7986295682474772
mossawi,skyrill,undirected,0.5160468465421401
kurbonzodski,sb_brands,undirected,0.9578100556937833
kurbonzodski,lukaszdrozdz,undirected,0.7910318039776896
kurbonzodski,pellisco,undirected,0.5047150636101224
kurbonzodski,pixelsurplus,undirected,0.8182385455078787
kurbonzodski,daryamalikova,undirected,0.3825028388987925
kurbonzodski,graphicassets,undirected,0.618893881842773
kurbonzodski,anagrama,undirected,0.8361005294174353
kurbonzodski,musawi,undirected,0.7042529809220359
kurbonzodski,microsoftdesign,undirected,0.39555671689287464
kurbonzodski,sawdust,undirected,0.38017908153067603
kurbonzodski,almefer,undirected,0.3577772020397053
kurbonzodski,d_0307094527,undirected,0.2724347313216178
kurbonzodski,anamiminoshvili,undirected,0.33832548220019193
kurbonzodski,abrate_emanuele,undirected,0.9592097500211076
kurbonzodski,sanjogkarulkar,undirected,0.29983607195997053
kurbonzodski,netguru,undirected,0.2956165004191531
kurbonzodski,avitko,undirected,0.7580794057234768
kurbonzodski,ntnay,undirected,0.7500375568987251
kurbonzodski,drfranken,undirected,0.2885939129844095
kurbonzodski,cuberto,undirected,0.35582999744274424
kurbonzodski,morphine-mg,undirected,0.5178362238827657
kurbonzodski,markanetwork,undirected,0.7825335801016535
kurbonzodski,mustafa-akulker,undirected,0.7862051339688754
kurbonzodski,nx-design,undirected,0.6585908300426754
kurbonzodski,oh-ja,undirected,0.5899021072381679
kurbonzodski,lenalaballena,undirected,0.28403351213482025
kurbonzodski,vdas,undirected,0.2196319555816378
kurbonzodski,marinm,undirected,0.2538227737872552
kurbonzodski,skyrill,undirected,0.6598116132769769
kurbonzodski,angelalejandro,undirected,0.95969148789493
musawi,sb_brands,undirected,0.6526970553399111
musawi,endalaust,undirected,0.382584316340934
musawi,lukaszdrozdz,undirected,0.5353496307060158
musawi,pellisco,undirected,0.5081097906755769
musawi,pixelsurplus,undirected,0.6337242505244779
musawi,daryamalikova,undirected,0.6164774526641126
musawi,graphicassets,undirected,0.6085515578245676
musawi,anagrama,undirected,0.6776088015384846
musawi,kurbonzodski,undirected,0.7042529809220359
musawi,microsoftdesign,undirected,0.3471050672503116
musawi,sawdust,undirected,0.4951180240645608
musawi,almefer,undirected,0.29674387220182746
musawi,d_0307094527,undirected,0.4159718208664316
musawi,zeligsound,undirected,0.20378374169983313
musawi,anamiminoshvili,undirected,0.5419837767206155
musawi,abrate_emanuele,undirected,0.671790383306431
musawi,sanjogkarulkar,undirected,0.3687914257560319
musawi,netguru,undirected,0.3677807774825633
musawi,avitko,undirected,0.7509145313487452
musawi,mz09,undirected,0.37867300552269884
musawi,ntnay,undirected,0.7731363375206741
musawi,drfranken,undirected,0.26559409898904046
musawi,cuberto,undirected,0.3816073418056137
musawi,morphine-mg,undirected,0.5434140616772238
musawi,markanetwork,undirected,0.5268847816645892
musawi,mustafa-akulker,undirected,0.5321499617445877
musawi,nx-design,undirected,0.47884816029808636
musawi,oh-ja,undirected,0.6990527153192244
musawi,lenalaballena,undirected,0.5627535383636653
musawi,vdas,undirected,0.22356597496593272
musawi,skyrill,undirected,0.4531480018456903
musawi,angelalejandro,undirected,0.6945716081697422
alice_kau,nextpage_agency,undirected,0.9539147048889123
alice_kau,jegorwalowski,undirected,0.9567836277723402
alice_kau,alexseagull,undirected,0.9539147048889123
alice_kau,lukaszdrozdz,undirected,0.4846548468769494
alice_kau,maxschewts,undirected,0.9652211584402121
alice_kau,uprockpro,undirected,0.9979654098963519
alice_kau,kate-silva,undirected,0.9680538195273479
alice_kau,anagrama,undirected,0.31733572619103595
alice_kau,microsoftdesign,undirected,0.20319400797771764
alice_kau,k_pashukov,undirected,0.9681945155094365
alice_kau,netguru,undirected,0.8403409990709949
alice_kau,cuberto,undirected,0.7819525973475918
alice_kau,patrykpolak,undirected,0.9977575653851117
microsoftdesign,sb_brands,undirected,0.31026632651669717
microsoftdesign,nextpage_agency,undirected,0.30343344622408575
microsoftdesign,jegorwalowski,undirected,0.2798019953940751
microsoftdesign,alexseagull,undirected,0.30343344622408575
microsoftdesign,lukaszdrozdz,undirected,0.2507849312877596
microsoftdesign,pellisco,undirected,0.5009620374469137
microsoftdesign,maxschewts,undirected,0.28540242720507025
microsoftdesign,uprockpro,undirected,0.20655911179772887
microsoftdesign,kate-silva,undirected,0.281502935045133
microsoftdesign,daryamalikova,undirected,0.29912493736788276
microsoftdesign,graphicassets,undirected,0.35558265479385226
microsoftdesign,anagrama,undirected,0.28111277139949087
microsoftdesign,mossawi,undirected,0.36797412772868415
microsoftdesign,kurbonzodski,undirected,0.39555671689287464
microsoftdesign,musawi,undirected,0.3471050672503116
microsoftdesign,alice_kau,undirected,0.20319400797771764
microsoftdesign,sawdust,undirected,0.23609730088222308
microsoftdesign,almefer,undirected,0.39895837531614664
microsoftdesign,d_0307094527,undirected,0.31957418477478444
microsoftdesign,zeligsound,undirected,0.7632238454725274
microsoftdesign,anamiminoshvili,undirected,0.2537340189666186
microsoftdesign,abrate_emanuele,undirected,0.38467762946747597
microsoftdesign,sanjogkarulkar,undirected,0.3517167866147096
microsoftdesign,k_pashukov,undirected,0.20214321273057545
microsoftdesign,netguru,undirected,0.48162097430095163
microsoftdesign,mz09,undirected,0.20496567752125872
microsoftdesign,ntnay,undirected,0.22830687901977886
microsoftdesign,drfranken,undirected,0.4405519509721599
microsoftdesign,cuberto,undirected,0.5664705542999466
microsoftdesign,morphine-mg,undirected,0.7577313922130309
microsoftdesign,markanetwork,undirected,0.291635780677592
microsoftdesign,mustafa-akulker,undirected,0.2329375173853489
microsoftdesign,nx-design,undirected,0.4159868327784487
microsoftdesign,vdas,undirected,0.5988271364876006
microsoftdesign,marinm,undirected,0.3721772441459454
microsoftdesign,skyrill,undirected,0.4103021156257381
microsoftdesign,angelalejandro,undirected,0.3563144678510823
sawdust,sb_brands,undirected,0.37767246107075986
sawdust,endalaust,undirected,0.43452873930122543
sawdust,lukaszdrozdz,undirected,0.26726576039120126
sawdust,pellisco,undirected,0.4320138246635874
sawdust,pixelsurplus,undirected,0.6115132902340192
sawdust,daryamalikova,undirected,0.38315207432248893
sawdust,graphicassets,undirected,0.3846185367741879
sawdust,anagrama,undirected,0.476265963819254
sawdust,kurbonzodski,undirected,0.38017908153067603
sawdust,musawi,undirected,0.4951180240645608
sawdust,microsoftdesign,undirected,0.23609730088222308
sawdust,anamiminoshvili,undirected,0.42668032065539496
sawdust,abrate_emanuele,undirected,0.409957482760958
sawdust,avitko,undirected,0.3096254116595001
sawdust,mz09,undirected,0.3414747002559046
sawdust,ntnay,undirected,0.5295313344759508
sawdust,drfranken,undirected,0.27371875400769585
sawdust,cuberto,undirected,0.24441185836892215
sawdust,morphine-mg,undirected,0.33882260699853356
sawdust,markanetwork,undirected,0.2508357765342786
sawdust,mustafa-akulker,undirected,0.27279721790122413
sawdust,nx-design,undirected,0.25054430719779697
sawdust,oh-ja,undirected,0.6942673609343747
sawdust,lenalaballena,undirected,0.5706570277621095
sawdust,vdas,undirected,0.2169127859960682
sawdust,the18thltrfotography,undirected,0.21166687833365083
sawdust,skyrill,undirected,0.31342488193383883
sawdust,angelalejandro,undirected,0.4360337693673207
almefer,sb_brands,undirected,0.2922865396515008
almefer,pellisco,undirected,0.6236238000110331
almefer,daryamalikova,undirected,0.34306560868002384
almefer,graphicassets,undirected,0.4701888010085713
almefer,anagrama,undirected,0.21443259782043625
almefer,kurbonzodski,undirected,0.3577772020397053
almefer,musawi,undirected,0.29674387220182746
almefer,microsoftdesign,undirected,0.39895837531614664
almefer,d_0307094527,undirected,0.7554599205522154
almefer,zeligsound,undirected,0.2196930341935507
almefer,anamiminoshvili,undirected,0.21489739054434248
almefer,abrate_emanuele,undirected,0.41419557945787033
almefer,sanjogkarulkar,undirected,0.49829672499723154
almefer,drfranken,undirected,0.5015761403036456
almefer,cuberto,undirected,0.21240429699994717
almefer,morphine-mg,undirected,0.49886369103644385
almefer,markanetwork,undirected,0.24461604327793984
almefer,oh-ja,undirected,0.314383029182606
almefer,thisset,undirected,0.42618784268171217
almefer,the18thltrfotography,undirected,0.33445003104532556
almefer,skyrill,undirected,0.2717756030381862
almefer,angelalejandro,undirected,0.3712395344603114
d_0307094527,endalaust,undirected,0.35619711803250353
d_0307094527,pellisco,undirected,0.658397437161047
d_0307094527,daryamalikova,undirected,0.48128222780370467
d_0307094527,graphicassets,undirected,0.5622566936172344
d_0307094527,kurbonzodski,undirected,0.2724347313216178
d_0307094527,musawi,undirected,0.4159718208664316
d_0307094527,microsoftdesign,undirected,0.31957418477478444
d_0307094527,almefer,undirected,0.7554599205522154
d_0307094527,anamiminoshvili,undirected,0.3118724702341802
d_0307094527,abrate_emanuele,undirected,0.28812431212069983
d_0307094527,sanjogkarulkar,undirected,0.6390776172471505
d_0307094527,netguru,undirected,0.2180443094962741
d_0307094527,mz09,undirected,0.29053190818844515
d_0307094527,ntnay,undirected,0.2335641279825678
d_0307094527,drfranken,undirected,0.35197257645717206
d_0307094527,morphine-mg,undirected,0.4878049734424035
d_0307094527,oh-ja,undirected,0.4469492067121437
d_0307094527,lenalaballena,undirected,0.2852027591387798
d_0307094527,thisset,undirected,0.49340710545962846
d_0307094527,the18thltrfotography,undirected,0.3781877902948909
d_0307094527,skyrill,undirected,0.2483370532433042
d_0307094527,angelalejandro,undirected,0.28879794895246214
zeligsound,pellisco,undirected,0.2811680978849934
zeligsound,graphicassets,undirected,0.22551331056809817
zeligsound,musawi,undirected,0.20378374169983313
zeligsound,microsoftdesign,undirected,0.7632238454725274
zeligsound,almefer,undirected,0.2196930341935507
zeligsound,abrate_emanuele,undirected,0.20780638889368885
zeligsound,sanjogkarulkar,undirected,0.20314533710623325
zeligsound,netguru,undirected,0.3455923703186473
zeligsound,drfranken,undirected,0.3100726477779407
zeligsound,cuberto,undirected,0.48621663832631523
zeligsound,morphine-mg,undirected,0.6382870079731772
zeligsound,vdas,undirected,0.8176013414729312
anamiminoshvili,sb_brands,undirected,0.2829088493737721
anamiminoshvili,endalaust,undirected,0.6647284122927655
anamiminoshvili,lukaszdrozdz,undirected,0.22434594667660768
anamiminoshvili,pellisco,undirected,0.24867724867724866
anamiminoshvili,pixelsurplus,undirected,0.250292274171953
anamiminoshvili,daryamalikova,undirected,0.7500620682866362
anamiminoshvili,graphicassets,undirected,0.31327575026272186
anamiminoshvili,anagrama,undirected,0.40134629546530876
anamiminoshvili,kurbonzodski,undirected,0.33832548220019193
anamiminoshvili,musawi,undirected,0.5419837767206155
anamiminoshvili,microsoftdesign,undirected,0.2537340189666186
anamiminoshvili,sawdust,undirected,0.42668032065539496
anamiminoshvili,almefer,undirected,0.21489739054434248
anamiminoshvili,d_0307094527,undirected,0.3118724702341802
anamiminoshvili,abrate_emanuele,undirected,0.2971971502716914
anamiminoshvili,netguru,undirected,0.3446768922328177
anamiminoshvili,avitko,undirected,0.2838297638463047
anamiminoshvili,mz09,undirected,0.8549499226759616
anamiminoshvili,ntnay,undirected,0.7064539264806594
anamiminoshvili,drfranken,undirected,0.35450754405777934
anamiminoshvili,cuberto,undirected,0.33945005147821034
anamiminoshvili,morphine-mg,undirected,0.4990914039375816
anamiminoshvili,markanetwork,undirected,0.279941684889506
anamiminoshvili,mustafa-akulker,undirected,0.28608770026279084
anamiminoshvili,nx-design,undirected,0.25545201491160446
anamiminoshvili,oh-ja,undirected,0.5039526306789696
anamiminoshvili,lenalaballena,undirected,0.8660997421793287
anamiminoshvili,vdas,undirected,0.23217260943269605
anamiminoshvili,the18thltrfotography,undirected,0.25197631533948484
anamiminoshvili,skyrill,undirected,0.2123406857568687
anamiminoshvili,angelalejandro,undirected,0.36536565724225295
abrate_emanuele,sb_brands,undirected,0.9437438448390232
abrate_emanuele,lukaszdrozdz,undirected,0.7054467678906805
abrate_emanuele,pellisco,undirected,0.5709313676271967
abrate_emanuele,pixelsurplus,undirected,0.7963830389411525
abrate_emanuele,daryamalikova,undirected,0.31088977087130876
abrate_emanuele,graphicassets,undirected,0.7124202746138069
abrate_emanuele,anagrama,undirected,0.8335621660530376
abrate_emanuele,kurbonzodski,undirected,0.9592097500211076
abrate_emanuele,musawi,undirected,0.671790383306431
abrate_emanuele,microsoftdesign,undirected,0.38467762946747597
abrate_emanuele,sawdust,undirected,0.409957482760958
abrate_emanuele,almefer,undirected,0.41419557945787033
abrate_emanuele,d_0307094527,undirected,0.28812431212069983
abrate_emanuele,zeligsound,undirected,0.20780638889368885
abrate_emanuele,anamiminoshvili,undirected,0.2971971502716914
abrate_emanuele,sanjogkarulkar,undirected,0.3523374471845432
abrate_emanuele,netguru,undirected,0.2393055523155456
abrate_emanuele,avitko,undirected,0.7241498902739784
abrate_emanuele,ntnay,undirected,0.7062111220131929
abrate_emanuele,drfranken,undirected,0.3679293319203284
abrate_emanuele,cuberto,undirected,0.33152205385179
abrate_emanuele,morphine-mg,undirected,0.5570684753096675
abrate_emanuele,markanetwork,undirected,0.6896665621656937
abrate_emanuele,mustafa-akulker,undirected,0.6971883892999916
abrate_emanuele,nx-design,undirected,0.5510921397344667
abrate_emanuele,oh-ja,undirected,0.6518093980064109
abrate_emanuele,lenalaballena,undirected,0.25747805954759784
abrate_emanuele,vdas,undirected,0.24274370263156103
abrate_emanuele,marinm,undirected,0.20452608574257192
abrate_emanuele,skyrill,undirected,0.5829098260389742
abrate_emanuele,angelalejandro,undirected,0.9746102427333952
sanjogkarulkar,sb_brands,undirected,0.24112409327664808
sanjogkarulkar,endalaust,undirected,0.36298447690375496
sanjogkarulkar,pellisco,undirected,0.8163878466473798
sanjogkarulkar,daryamalikova,undirected,0.2283143701548568
sanjogkarulkar,graphicassets,undirected,0.7599398620140183
sanjogkarulkar,kurbonzodski,undirected,0.29983607195997053
sanjogkarulkar,musawi,undirected,0.3687914257560319
sanjogkarulkar,microsoftdesign,undirected,0.3517167866147096
sanjogkarulkar,almefer,undirected,0.49829672499723154
sanjogkarulkar,d_0307094527,undirected,0.6390776172471505
sanjogkarulkar,zeligsound,undirected,0.20314533710623325
sanjogkarulkar,abrate_emanuele,undirected,0.3523374471845432
sanjogkarulkar,drfranken,undirected,0.40776188561255045
sanjogkarulkar,morphine-mg,undirected,0.4588616570011319
sanjogkarulkar,markanetwork,undirected,0.21019098287253052
sanjogkarulkar,oh-ja,undirected,0.3121692880946654
sanjogkarulkar,the18thltrfotography,undirected,0.23649188492020107
sanjogkarulkar,angelalejandro,undirected,0.3405483142850895
k_pashukov,nextpage_agency,undirected,0.9260370291460208
k_pashukov,jegorwalowski,undirected,0.9374757313417893
k_pashukov,alexseagull,undirected,0.9260370291460208
k_pashukov,lukaszdrozdz,undirected,0.4686291280623819
k_pashukov,maxschewts,undirected,0.9343830476317054
k_pashukov,uprockpro,undirected,0.9710354064550473
k_pashukov,kate-silva,undirected,0.9199581158479075
k_pashukov,anagrama,undirected,0.38177028617765163
k_pashukov,alice_kau,undirected,0.9681945155094365
k_pashukov,microsoftdesign,undirected,0.20214321273057545
k_pashukov,netguru,undirected,0.8037564169206192
k_pashukov,cuberto,undirected,0.7358236637186915
k_pashukov,patrykpolak,undirected,0.9609731462195509
netguru,sb_brands,undirected,0.3282948745168726
netguru,nextpage_agency,undirected,0.903553219391562
netguru,jegorwalowski,undirected,0.9102109861179344
netguru,alexseagull,undirected,0.903553219391562
netguru,lukaszdrozdz,undirected,0.5636553204184372
netguru,pellisco,undirected,0.30289787499247617
netguru,maxschewts,undirected,0.9122810207742504
netguru,uprockpro,undirected,0.8290266722896782
netguru,pixelsurplus,undirected,0.26379467179224714
netguru,kate-silva,undirected,0.9078157130557987
netguru,daryamalikova,undirected,0.33515085183262733
netguru,graphicassets,undirected,0.21010582005221543
netguru,anagrama,undirected,0.41619829513106193
netguru,kurbonzodski,undirected,0.2956165004191531
netguru,musawi,undirected,0.3677807774825633
netguru,alice_kau,undirected,0.8403409990709949
netguru,microsoftdesign,undirected,0.48162097430095163
netguru,d_0307094527,undirected,0.2180443094962741
netguru,zeligsound,undirected,0.3455923703186473
netguru,anamiminoshvili,undirected,0.3446768922328177
netguru,abrate_emanuele,undirected,0.2393055523155456
netguru,k_pashukov,undirected,0.8037564169206192
netguru,mz09,undirected,0.24944307297763632
netguru,ntnay,undirected,0.3128868579641495
netguru,cuberto,undirected,0.9273626215479117
netguru,morphine-mg,undirected,0.3518698787372445
netguru,oh-ja,undirected,0.24870800168690346
netguru,lenalaballena,undirected,0.29609877111408056
netguru,patrykpolak,undirected,0.8485392951473817
netguru,vdas,undirected,0.23475046074314534
netguru,skyrill,undirected,0.20958647466634361
netguru,angelalejandro,undirected,0.24041773496400667
avitko,sb_brands,undirected,0.7753910335649442
avitko,lukaszdrozdz,undirected,0.6624371675098496
avitko,pixelsurplus,undirected,0.7855844048495725
avitko,graphicassets,undirected,0.36302302170208745
avitko,anagrama,undirected,0.7242537911581607
avitko,kurbonzodski,undirected,0.7580794057234768
avitko,musawi,undirected,0.7509145313487452
avitko,sawdust,undirected,0.3096254116595001
avitko,anamiminoshvili,undirected,0.2838297638463047
avitko,abrate_emanuele,undirected,0.7241498902739784
avitko,ntnay,undirected,0.6921806586653106
avitko,cuberto,undirected,0.20490028546619202
avitko,morphine-mg,undirected,0.2170595446838847
avitko,markanetwork,undirected,0.5685714285714285
avitko,mustafa-akulker,undirected,0.6278510436484854
avitko,nx-design,undirected,0.6088155473182092
avitko,oh-ja,undirected,0.48142645188172667
avitko,lenalaballena,undirected,0.2524469377598461
avitko,vdas,undirected,0.24551386168006128
avitko,marinm,undirected,0.24148288311379548
avitko,skyrill,undirected,0.5349870840723387
avitko,angelalejandro,undirected,0.740656079818041
mz09,endalaust,undirected,0.7451385684137222
mz09,daryamalikova,undirected,0.8446653775186828
mz09,musawi,undirected,0.37867300552269884
mz09,microsoftdesign,undirected,0.20496567752125872
mz09,sawdust,undirected,0.3414747002559046
mz09,d_0307094527,undirected,0.29053190818844515
mz09,anamiminoshvili,undirected,0.8549499226759616
mz09,netguru,undirected,0.24944307297763632
mz09,ntnay,undirected,0.538456301583714
mz09,drfranken,undirected,0.2682878623939931
mz09,cuberto,undirected,0.24640709031819094
mz09,morphine-mg,undirected,0.4192223134800624
mz09,oh-ja,undirected,0.37557484780316147
mz09,lenalaballena,undirected,0.835928547534421
mz09,the18thltrfotography,undirected,0.25607375986579195
ntnay,sb_brands,undirected,0.729693915273781
ntnay,endalaust,undirected,0.42756587131016605
ntnay,lukaszdrozdz,undirected,0.5900153243601937
ntnay,pellisco,undirected,0.24907029459254018
ntnay,pixelsurplus,undirected,0.7516000966392659
ntnay,daryamalikova,undirected,0.6636635528315273
ntnay,graphicassets,undirected,0.47782407244189123
ntnay,anagrama,undirected,0.8305132847389092
ntnay,kurbonzodski,undirected,0.7500375568987251
ntnay,musawi,undirected,0.7731363375206741
ntnay,microsoftdesign,undirected,0.22830687901977886
ntnay,sawdust,undirected,0.5295313344759508
ntnay,d_0307094527,undirected,0.2335641279825678
ntnay,anamiminoshvili,undirected,0.7064539264806594
ntnay,abrate_emanuele,undirected,0.7062111220131929
ntnay,netguru,undirected,0.3128868579641495
ntnay,avitko,undirected,0.6921806586653106
ntnay,mz09,undirected,0.538456301583714
ntnay,cuberto,undirected,0.33722693678087395
ntnay,morphine-mg,undirected,0.4969124919176444
ntnay,markanetwork,undirected,0.5757079516783593
ntnay,mustafa-akulker,undirected,0.6320069923945443
ntnay,nx-design,undirected,0.5968291566701093
ntnay,oh-ja,undirected,0.7763959670647566
ntnay,lenalaballena,undirected,0.782704321403539
ntnay,vdas,undirected,0.32473042252045375
ntnay,skyrill,undirected,0.47382622433355764
ntnay,angelalejandro,undirected,0.7656126897444127
homeadore,the18thltrfotography,undirected,0.3333333333333333
drfranken,sb_brands,undirected,0.2289040785347543
drfranken,endalaust,undirected,0.33884551163812965
drfranken,pellisco,undirected,0.5355326729383475
drfranken,daryamalikova,undirected,0.3142781387757838
drfranken,graphicassets,undirected,0.4093809652610509
drfranken,kurbonzodski,undirected,0.2885939129844095
drfranken,musawi,undirected,0.26559409898904046
drfranken,microsoftdesign,undirected,0.4405519509721599
drfranken,sawdust,undirected,0.27371875400769585
drfranken,almefer,undirected,0.5015761403036456
drfranken,d_0307094527,undirected,0.35197257645717206
drfranken,zeligsound,undirected,0.3100726477779407
drfranken,anamiminoshvili,undirected,0.35450754405777934
drfranken,abrate_emanuele,undirected,0.3679293319203284
drfranken,sanjogkarulkar,undirected,0.40776188561255045
drfranken,mz09,undirected,0.2682878623939931
drfranken,cuberto,undirected,0.24195539543709924
drfranken,morphine-mg,undirected,0.4755374690403601
drfranken,markanetwork,undirected,0.20231000834789803
drfranken,the18thltrfotography,undirected,0.26940795304016235
drfranken,angelalejandro,undirected,0.3173027002473023
cuberto,sb_brands,undirected,0.38981134566049724
cuberto,nextpage_agency,undirected,0.820763482746874
cuberto,endalaust,undirected,0.21230869732165597
cuberto,jegorwalowski,undirected,0.8186584390897739
cuberto,alexseagull,undirected,0.820763482746874
cuberto,lukaszdrozdz,undirected,0.5560990528079439
cuberto,pellisco,undirected,0.33338844341609947
cuberto,maxschewts,undirected,0.8404592513898299
cuberto,uprockpro,undirected,0.769800358919501
cuberto,pixelsurplus,undirected,0.3256266126318907
cuberto,kate-silva,undirected,0.8420403863207049
cuberto,daryamalikova,undirected,0.33675429024094855
cuberto,graphicassets,undirected,0.2806801287735683
cuberto,anagrama,undirected,0.4772607021092118
cuberto,kurbonzodski,undirected,0.35582999744274424
cuberto,musawi,undirected,0.3816073418056137
cuberto,alice_kau,undirected,0.7819525973475918
cuberto,microsoftdesign,undirected,0.5664705542999466
cuberto,sawdust,undirected,0.24441185836892215
cuberto,almefer,undirected,0.21240429699994717
cuberto,zeligsound,undirected,0.48621663832631523
cuberto,anamiminoshvili,undirected,0.33945005147821034
cuberto,abrate_emanuele,undirected,0.33152205385179
cuberto,k_pashukov,undirected,0.7358236637186915
cuberto,netguru,undirected,0.9273626215479117
cuberto,avitko,undirected,0.20490028546619202
cuberto,mz09,undirected,0.24640709031819094
cuberto,ntnay,undirected,0.33722693678087395
cuberto,drfranken,undirected,0.24195539543709924
cuberto,morphine-mg,undirected,0.40258052415805284
cuberto,markanetwork,undirected,0.24053511772118194
cuberto,mustafa-akulker,undirected,0.23031406816285135
cuberto,oh-ja,undirected,0.26943012562182533
cuberto,lenalaballena,undirected,0.2660760420950957
cuberto,patrykpolak,undirected,0.7912861598992318
cuberto,vdas,undirected,0.3697869984767234
cuberto,skyrill,undirected,0.24326681639992057
cuberto,angelalejandro,undirected,0.3367876570272817
morphine-mg,sb_brands,undirected,0.45262208665857956
morphine-mg,endalaust,undirected,0.2869510617245607
morphine-mg,lukaszdrozdz,undirected,0.2630547564826129
morphine-mg,pellisco,undirected,0.6264106396359443
morphine-mg,pixelsurplus,undirected,0.2776643759450143
morphine-mg,daryamalikova,undirected,0.5268355364505717
morphine-mg,graphicassets,undirected,0.6224061431109955
morphine-mg,anagrama,undirected,0.479219036291487
morphine-mg,kurbonzodski,undirected,0.5178362238827657
morphine-mg,musawi,undirected,0.5434140616772238
morphine-mg,microsoftdesign,undirected,0.7577313922130309
morphine-mg,sawdust,undirected,0.33882260699853356
morphine-mg,almefer,undirected,0.49886369103644385
morphine-mg,d_0307094527,undirected,0.4878049734424035
morphine-mg,zeligsound,undirected,0.6382870079731772
morphine-mg,anamiminoshvili,undirected,0.4990914039375816
morphine-mg,abrate_emanuele,undirected,0.5570684753096675
morphine-mg,sanjogkarulkar,undirected,0.4588616570011319
morphine-mg,netguru,undirected,0.3518698787372445
morphine-mg,avitko,undirected,0.2170595446838847
morphine-mg,mz09,undirected,0.4192223134800624
morphine-mg,ntnay,undirected,0.4969124919176444
morphine-mg,drfranken,undirected,0.4755374690403601
morphine-mg,cuberto,undirected,0.40258052415805284
morphine-mg,markanetwork,undirected,0.38546781211103665
morphine-mg,mustafa-akulker,undirected,0.3460718175340576
morphine-mg,nx-design,undirected,0.35220806508276414
morphine-mg,oh-ja,undirected,0.5254938542453881
morphine-mg,lenalaballena,undirected,0.5076415887690117
morphine-mg,vdas,undirected,0.5832123633162246
morphine-mg,skyrill,undirected,0.2408823295204358
morphine-mg,angelalejandro,undirected,0.5578319375835658
markanetwork,sb_brands,undirected,0.6911093994817981
markanetwork,lukaszdrozdz,undirected,0.5904982895902279
markanetwork,pellisco,undirected,0.31882247445749295
markanetwork,pixelsurplus,undirected,0.5798361083413511
markanetwork,daryamalikova,undirected,0.33145332061211713
markanetwork,graphicassets,undirected,0.3836828684656209
markanetwork,anagrama,undirected,0.5973227143572459
markanetwork,kurbonzodski,undirected,0.7825335801016535
markanetwork,musawi,undirected,0.5268847816645892
markanetwork,microsoftdesign,undirected,0.291635780677592
markanetwork,sawdust,undirected,0.2508357765342786
markanetwork,almefer,undirected,0.24461604327793984
markanetwork,anamiminoshvili,undirected,0.279941684889506
markanetwork,abrate_emanuele,undirected,0.6896665621656937
markanetwork,sanjogkarulkar,undirected,0.21019098287253052
markanetwork,avitko,undirected,0.5685714285714285
markanetwork,ntnay,undirected,0.5757079516783593
markanetwork,drfranken,undirected,0.20231000834789803
markanetwork,cuberto,undirected,0.24053511772118194
markanetwork,morphine-mg,undirected,0.38546781211103665
markanetwork,mustafa-akulker,undirected,0.9886523221252168
markanetwork,nx-design,undirected,0.7153582680988958
markanetwork,oh-ja,undirected,0.35798377191205316
markanetwork,skyrill,undirected,0.5238415198208317
markanetwork,angelalejandro,undirected,0.7437421468172829
mustafa-akulker,sb_brands,undirected,0.7151284386104787
mustafa-akulker,lukaszdrozdz,undirected,0.6109964262665477
mustafa-akulker,pellisco,undirected,0.25515930023438105
mustafa-akulker,pixelsurplus,undirected,0.6447450829526515
mustafa-akulker,daryamalikova,undirected,0.3073568178559405
mustafa-akulker,graphicassets,undirected,0.37563964096585706
mustafa-akulker,anagrama,undirected,0.6533322646950003
mustafa-akulker,kurbonzodski,undirected,0.7862051339688754
mustafa-akulker,musawi,undirected,0.5321499617445877
mustafa-akulker,microsoftdesign,undirected,0.2329375173853489
mustafa-akulker,sawdust,undirected,0.27279721790122413
mustafa-akulker,anamiminoshvili,undirected,0.28608770026279084
mustafa-akulker,abrate_emanuele,undirected,0.6971883892999916
mustafa-akulker,avitko,undirected,0.6278510436484854
mustafa-akulker,ntnay,undirected,0.6320069923945443
mustafa-akulker,cuberto,undirected,0.23031406816285135
mustafa-akulker,morphine-mg,undirected,0.3460718175340576
mustafa-akulker,markanetwork,undirected,0.9886523221252168
mustafa-akulker,nx-design,undirected,0.7516629567767864
mustafa-akulker,oh-ja,undirected,0.40505283187526225
mustafa-akulker,lenalaballena,undirected,0.23333940437936795
mustafa-akulker,skyrill,undirected,0.5208735553125396
mustafa-akulker,angelalejandro,undirected,0.7640769328556083
nx-design,sb_brands,undirected,0.5986396404707092
nx-design,lukaszdrozdz,undirected,0.5322613738518164
nx-design,pixelsurplus,undirected,0.6033806010988715
nx-design,daryamalikova,undirected,0.25791078745365537
nx-design,graphicassets,undirected,0.3039692012755644
nx-design,anagrama,undirected,0.5767410087437658
nx-design,mossawi,undirected,0.512519169436164
nx-design,kurbonzodski,undirected,0.6585908300426754
nx-design,musawi,undirected,0.47884816029808636
nx-design,microsoftdesign,undirected,0.4159868327784487
nx-design,sawdust,undirected,0.25054430719779697
nx-design,anamiminoshvili,undirected,0.25545201491160446
nx-design,abrate_emanuele,undirected,0.5510921397344667
nx-design,avitko,undirected,0.6088155473182092
nx-design,ntnay,undirected,0.5968291566701093
nx-design,morphine-mg,undirected,0.35220806508276414
nx-design,markanetwork,undirected,0.7153582680988958
nx-design,mustafa-akulker,undirected,0.7516629567767864
nx-design,oh-ja,undirected,0.3945575695328575
nx-design,lenalaballena,undirected,0.2967441383284679
nx-design,vdas,undirected,0.25123228916216783
nx-design,marinm,undirected,0.5867844983435226
nx-design,skyrill,undirected,0.6729046193285273
nx-design,angelalejandro,undirected,0.6137562192733339
oh-ja,sb_brands,undirected,0.5947591864537164
oh-ja,endalaust,undirected,0.41569416160420153
oh-ja,lukaszdrozdz,undirected,0.3885143449429057
oh-ja,pellisco,undirected,0.529150262212918
oh-ja,pixelsurplus,undirected,0.6599663291074442
oh-ja,daryamalikova,undirected,0.5631625906963907
oh-ja,graphicassets,undirected,0.7077101515003054
oh-ja,anagrama,undirected,0.7419596114618708
oh-ja,kurbonzodski,undirected,0.5899021072381679
oh-ja,musawi,undirected,0.6990527153192244
oh-ja,sawdust,undirected,0.6942673609343747
oh-ja,almefer,undirected,0.314383029182606
oh-ja,d_0307094527,undirected,0.4469492067121437
oh-ja,anamiminoshvili,undirected,0.5039526306789696
oh-ja,abrate_emanuele,undirected,0.6518093980064109
oh-ja,sanjogkarulkar,undirected,0.3121692880946654
oh-ja,netguru,undirected,0.24870800168690346
oh-ja,avitko,undirected,0.48142645188172667
oh-ja,mz09,undirected,0.37557484780316147
oh-ja,ntnay,undirected,0.7763959670647566
oh-ja,cuberto,undirected,0.26943012562182533
oh-ja,morphine-mg,undirected,0.5254938542453881
oh-ja,markanetwork,undirected,0.35798377191205316
oh-ja,mustafa-akulker,undirected,0.40505283187526225
oh-ja,nx-design,undirected,0.3945575695328575
oh-ja,lenalaballena,undirected,0.6912858353783116
oh-ja,vdas,undirected,0.22473328748774735
oh-ja,skyrill,undirected,0.3130032180229999
oh-ja,angelalejandro,undirected,0.6866666666666665
lenalaballena,sb_brands,undirected,0.2517236332999484
lenalaballena,endalaust,undirected,0.6410416220943825
lenalaballena,pellisco,undirected,0.21773457205625582
lenalaballena,pixelsurplus,undirected,0.34915207281015115
lenalaballena,daryamalikova,undirected,0.755439648571775
lenalaballena,graphicassets,undirected,0.32321501718568185
lenalaballena,anagrama,undirected,0.49711014648028445
lenalaballena,kurbonzodski,undirected,0.28403351213482025
lenalaballena,musawi,undirected,0.5627535383636653
lenalaballena,sawdust,undirected,0.5706570277621095
lenalaballena,d_0307094527,undirected,0.2852027591387798
lenalaballena,anamiminoshvili,undirected,0.8660997421793287
lenalaballena,abrate_emanuele,undirected,0.25747805954759784
lenalaballena,netguru,undirected,0.29609877111408056
lenalaballena,avitko,undirected,0.2524469377598461
lenalaballena,mz09,undirected,0.835928547534421
lenalaballena,ntnay,undirected,0.782704321403539
lenalaballena,cuberto,undirected,0.2660760420950957
lenalaballena,morphine-mg,undirected,0.5076415887690117
lenalaballena,mustafa-akulker,undirected,0.23333940437936795
lenalaballena,nx-design,undirected,0.2967441383284679
lenalaballena,oh-ja,undirected,0.6912858353783116
lenalaballena,vdas,undirected,0.28481738702684983
lenalaballena,angelalejandro,undirected,0.3456429176891558
thisset,endalaust,undirected,0.24527588634675784
thisset,almefer,undirected,0.42618784268171217
thisset,d_0307094527,undirected,0.49340710545962846
thisset,the18thltrfotography,undirected,0.7010681840159741
patrykpolak,sb_brands,undirected,0.22298824387414992
patrykpolak,nextpage_agency,undirected,0.9562244230600405
patrykpolak,jegorwalowski,undirected,0.9591002924799684
patrykpolak,alexseagull,undirected,0.9562244230600405
patrykpolak,lukaszdrozdz,undirected,0.5154835307167938
patrykpolak,maxschewts,undirected,0.9727434351449232
patrykpolak,uprockpro,undirected,0.9914601339836673
patrykpolak,pixelsurplus,undirected,0.21208785398802577
patrykpolak,kate-silva,undirected,0.9760860118037877
patrykpolak,anagrama,undirected,0.3527605702319963
patrykpolak,alice_kau,undirected,0.9977575653851117
patrykpolak,k_pashukov,undirected,0.9609731462195509
patrykpolak,netguru,undirected,0.8485392951473817
patrykpolak,cuberto,undirected,0.7912861598992318
vdas,sb_brands,undirected,0.24550197655459918
vdas,pixelsurplus,undirected,0.2633372865535445
vdas,anagrama,undirected,0.33167362117449245
vdas,kurbonzodski,undirected,0.2196319555816378
vdas,musawi,undirected,0.22356597496593272
vdas,microsoftdesign,undirected,0.5988271364876006
vdas,sawdust,undirected,0.2169127859960682
vdas,zeligsound,undirected,0.8176013414729312
vdas,anamiminoshvili,undirected,0.23217260943269605
vdas,abrate_emanuele,undirected,0.24274370263156103
vdas,netguru,undirected,0.23475046074314534
vdas,avitko,undirected,0.24551386168006128
vdas,ntnay,undirected,0.32473042252045375
vdas,cuberto,undirected,0.3697869984767234
vdas,morphine-mg,undirected,0.5832123633162246
vdas,nx-design,undirected,0.25123228916216783
vdas,oh-ja,undirected,0.22473328748774735
vdas,lenalaballena,undirected,0.28481738702684983
vdas,angelalejandro,undirected,0.2606906134857869
the18thltrfotography,endalaust,undirected,0.5116235835128634
the18thltrfotography,sawdust,undirected,0.21166687833365083
the18thltrfotography,almefer,undirected,0.33445003104532556
the18thltrfotography,d_0307094527,undirected,0.3781877902948909
the18thltrfotography,anamiminoshvili,undirected,0.25197631533948484
the18thltrfotography,sanjogkarulkar,undirected,0.23649188492020107
the18thltrfotography,mz09,undirected,0.25607375986579195
the18thltrfotography,homeadore,undirected,0.3333333333333333
the18thltrfotography,drfranken,undirected,0.26940795304016235
the18thltrfotography,thisset,undirected,0.7010681840159741
marinm,sb_brands,undirected,0.22494947991091643
marinm,lukaszdrozdz,undirected,0.22000733370002037
marinm,pixelsurplus,undirected,0.2253442462682775
marinm,mossawi,undirected,0.7986295682474772
marinm,kurbonzodski,undirected,0.2538227737872552
marinm,microsoftdesign,undirected,0.3721772441459454
marinm,abrate_emanuele,undirected,0.20452608574257192
marinm,avitko,undirected,0.24148288311379548
marinm,nx-design,undirected,0.5867844983435226
marinm,skyrill,undirected,0.7684835114425302
marinm,angelalejandro,undirected,0.20591946691637406
skyrill,sb_brands,undirected,0.6301582717967068
skyrill,lukaszdrozdz,undirected,0.5963382933631339
skyrill,pellisco,undirected,0.3109274327154149
skyrill,pixelsurplus,undirected,0.5776383601577223
skyrill,daryamalikova,undirected,0.2251822581553161
skyrill,graphicassets,undirected,0.2820754206733337
skyrill,anagrama,undirected,0.5024331043932555
skyrill,mossawi,undirected,0.5160468465421401
skyrill,kurbonzodski,undirected,0.6598116132769769
skyrill,musawi,undirected,0.4531480018456903
skyrill,microsoftdesign,undirected,0.4103021156257381
skyrill,sawdust,undirected,0.31342488193383883
skyrill,almefer,undirected,0.2717756030381862
skyrill,d_0307094527,undirected,0.2483370532433042
skyrill,anamiminoshvili,undirected,0.2123406857568687
skyrill,abrate_emanuele,undirected,0.5829098260389742
skyrill,netguru,undirected,0.20958647466634361
skyrill,avitko,undirected,0.5349870840723387
skyrill,ntnay,undirected,0.47382622433355764
skyrill,cuberto,undirected,0.24326681639992057
skyrill,morphine-mg,undirected,0.2408823295204358
skyrill,markanetwork,undirected,0.5238415198208317
skyrill,mustafa-akulker,undirected,0.5208735553125396
skyrill,nx-design,undirected,0.6729046193285273
skyrill,oh-ja,undirected,0.3130032180229999
skyrill,marinm,undirected,0.7684835114425302
skyrill,angelalejandro,undirected,0.5718328021574037
angelalejandro,sb_brands,undirected,0.9346215787129829
angelalejandro,lukaszdrozdz,undirected,0.6993258208972303
angelalejandro,pellisco,undirected,0.5543478937468665
angelalejandro,pixelsurplus,undirected,0.8249579113843053
angelalejandro,daryamalikova,undirected,0.366055683952654
angelalejandro,graphicassets,undirected,0.733213220022839
angelalejandro,anagrama,undirected,0.8669636764364251
angelalejandro,kurbonzodski,undirected,0.95969148789493
angelalejandro,musawi,undirected,0.6945716081697422
angelalejandro,microsoftdesign,undirected,0.3563144678510823
angelalejandro,sawdust,undirected,0.4360337693673207
angelalejandro,almefer,undirected,0.3712395344603114
angelalejandro,d_0307094527,undirected,0.28879794895246214
angelalejandro,anamiminoshvili,undirected,0.36536565724225295
angelalejandro,abrate_emanuele,undirected,0.9746102427333952
angelalejandro,sanjogkarulkar,undirected,0.3405483142850895
angelalejandro,netguru,undirected,0.24041773496400667
angelalejandro,avitko,undirected,0.740656079818041
angelalejandro,ntnay,undirected,0.7656126897444127
angelalejandro,drfranken,undirected,0.3173027002473023
angelalejandro,cuberto,undirected,0.3367876570272817
angelalejandro,morphine-mg,undirected,0.5578319375835658
angelalejandro,markanetwork,undirected,0.7437421468172829
angelalejandro,mustafa-akulker,undirected,0.7640769328556083
angelalejandro,nx-design,undirected,0.6137562192733339
angelalejandro,oh-ja,undirected,0.6866666666666665
angelalejandro,lenalaballena,undirected,0.3456429176891558
angelalejandro,vdas,undirected,0.2606906134857869
angelalejandro,marinm,undirected,0.20591946691637406
angelalejandro,skyrill,undirected,0.5718328021574037
